<?xml version="1.0" encoding="utf-8"?>
<ApplicationPackage SchemaVersion="1.0"
    ProductType="Application"
    AutodeskProduct="Maya"
    Name="dkAnimErwin"
    Description="dkAnimErwin"
    AppVersion="1.0.0"
    Author="http://www.erwintools.com"
	AppNameSpace="appstore.exchange.autodesk.com"
    HelpFile="./Contents/docs/index.html"
    OnlineDocumentation="http://www.erwintools.com"
    ProductCode="*"
    UpgradeCode="{744B5F60-BA3F-41F7-A52D-40D39A730E5A}" >
     
    <CompanyDetails Name="Erwin Tools"
        Phone=""
        Url="http://www.erwintools.com"
        Email="mail@help@erwintools.com" />
 
    <!-- Prevent to load in earlier version than Maya 2014 -->
	 <RuntimeRequirements SupportPath="./Contents/docs" OS="win64|macOS" Platform="Maya" SeriesMin="2014"  SeriesMax="2019"/>
    <Components>
        <RuntimeRequirements SupportPath="./Contents/docs" OS="win64|macOS" Platform="Maya" SeriesMin="2014" SeriesMax="2019"/>
        <MayaEnv expr="MAYA_SCRIPT_PATH+:=shelves" />
        <ComponentEntry ModuleName="./Contents/icons/dkAnimErwin.png" />
        <ComponentEntry ModuleName="./Contents/shelves/dkAnimErwin_shelf.mel" />
		<ComponentEntry ModuleName="./Contents/scripts/dkAnimErwin_load.mel" />
	</Components>
</ApplicationPackage>
